payment_type_name,amt
Credit card,375705.1799999947
Dispute,26.82
Cash,5.18
No charge,0.020000000000000219
